0,1,2
"20 Dec 2022, 22:58",Vivendo do Ócio,Nostalgia
"20 Dec 2022, 22:55",zimbra,Último Dia (Me Lembra)
"20 Dec 2022, 22:51",The Killers,When You Were Young
"20 Dec 2022, 22:49",The White Stripes,Fell in Love With a Girl
"20 Dec 2022, 22:45",Ghost,Mary on a Cross
"20 Dec 2022, 22:41",Franz Ferdinand,No You Girls
"20 Dec 2022, 22:39",Klaxons,Golden Skans
"20 Dec 2022, 22:35",Franz Ferdinand,Take Me Out
"20 Dec 2022, 22:32",Charlie Puth,I Don’t Think That I Like Her
"20 Dec 2022, 18:57",Rusty Machines,Forget You
"20 Dec 2022, 18:55",Almost Monday,cough drops
"20 Dec 2022, 18:52",Lowertown,Debris
"20 Dec 2022, 18:48",Vista Kicks,Gotta Get Away
"20 Dec 2022, 18:45",Wild Nothing,Ride
"20 Dec 2022, 18:39",Pond,Holding Out For You
"20 Dec 2022, 18:35",Radiohead,All I Need
"20 Dec 2022, 18:31",Próxima Parada,Musta Been a Ghost
"20 Dec 2022, 18:29",Sam Fender,Spice
"20 Dec 2022, 18:25",Do Nothing,Handshakes
"20 Dec 2022, 18:21",Wunderhorse,Teal
"20 Dec 2022, 17:26",Louis Armstrong,Lazy River
"20 Dec 2022, 17:24",Julie London,Show Me the Way to Go Home
"20 Dec 2022, 17:19",Chet Baker,Born To Be Blue
"20 Dec 2022, 14:20",John Coltrane,My Favorite Things
"20 Dec 2022, 14:15",Wes Montgomery,Polka Dots and Moonbeams
"20 Dec 2022, 14:08",Deu Ruim,Wayne Shorter - Infant Eyes - Remastered1998/Rudy Van Gelder Edition
"20 Dec 2022, 14:05",Deu Ruim,Wayne Newton - L-O-V-E - Remastered
"20 Dec 2022, 13:58",Lou Donaldson,Autumn Nocturne
"20 Dec 2022, 13:55",Louis Armstrong,C'est si bon
"20 Dec 2022, 13:51",Blossom Dearie,Tea for Two
"20 Dec 2022, 13:49",Margaret Whiting,You Couldn't Be Cuter
"20 Dec 2022, 13:46",Julie London,I'm Glad There Is You
"20 Dec 2022, 13:41",Deu Ruim,Pete La Roca - Lazy Afternoon - Remastered 2004
"20 Dec 2022, 13:38",Nat King Cole,Smile
"20 Dec 2022, 13:34",Deu Ruim,Louis Armstrong - La Vie En Rose - Single Version
"20 Dec 2022, 13:28",Ella Fitzgerald,Autumn In New York
"20 Dec 2022, 13:22",Bill Evans Trio,My Foolish Heart
"20 Dec 2022, 13:19",Bobby Darin,Beyond the Sea
"20 Dec 2022, 13:17",Julie London,Blue Moon
"20 Dec 2022, 01:40",Fats Waller,Two Sleepy People
"20 Dec 2022, 01:37",Blossom Dearie,'Deed I Do
"20 Dec 2022, 01:33",Louis Armstrong,A Kiss to Build a Dream On
"20 Dec 2022, 01:26",Jacob Collier,Feel (feat. Lianne La Havas)
"20 Dec 2022, 01:23",Eartha Kitt,Let's Do It
"20 Dec 2022, 01:20",Chet Baker,I Fall in Love Too Easily
"20 Dec 2022, 01:17",Etta James,Stormy Weather
"20 Dec 2022, 01:13",Billie Holiday,Blue Moon
"20 Dec 2022, 01:07",Deu Ruim,Bill Evans Trio - Porgy (I Loves You Porgy) - Outtake
"20 Dec 2022, 01:05",Frank Sinatra,Fly Me to the Moon
"20 Dec 2022, 01:00",Oscar Peterson Trio,Triste
"20 Dec 2022, 00:55",Duke Ellington,In A Sentimental Mood
"20 Dec 2022, 00:54",Ella Fitzgerald,All Of You
"20 Dec 2022, 00:50",Deu Ruim,Louis Armstrong - La Vie En Rose - Single Version
"20 Dec 2022, 00:48",Dinah Washington,September in the Rain
"20 Dec 2022, 00:40",Peggy Lee,Alone Together
"20 Dec 2022, 00:33",John Coltrane,Blue World
"20 Dec 2022, 00:31",Deu Ruim,Frank Sinatra - My Funny Valentine - Remastered
"20 Dec 2022, 00:28",Julie London,I'm in the Mood for Love
"20 Dec 2022, 00:25",Deu Ruim,Nina Simone - My Baby Just Cares for Me - 2013 Remastered Version
"20 Dec 2022, 00:22",The Mills Brothers,You Always Hurt The One You Love
"20 Dec 2022, 00:19",Billie Holiday,All Of Me
"20 Dec 2022, 00:16",Ella Fitzgerald,Let's Fall In Love
"20 Dec 2022, 00:12",Louis Armstrong,Dream a Little Dream of Me
"20 Dec 2022, 00:08",Red Hot Chili Peppers,Californication
"19 Dec 2022, 22:43",Louis Armstrong,Dream a Little Dream of Me
"19 Dec 2022, 22:41",Deu Ruim,The Beatles - Blackbird - Remastered 2009
"19 Dec 2022, 22:37",Rihanna,Love on the Brain
"19 Dec 2022, 22:35",Sharon Jones & The Dap-Kings,Making Up And Breaking Up (And Making Up And Breaking Up Over Again)
"19 Dec 2022, 22:32",Amy Winehouse,He Can Only Hold Her
"19 Dec 2022, 22:28",Deu Ruim,"Amy Winehouse - Valerie - Live At BBC Radio 1 Live Lounge, London / 2007"
"19 Dec 2022, 22:25",Charlie Puth,I Don’t Think That I Like Her
"19 Dec 2022, 22:10",Maria Becerra,No Eres Tu Soy Yo (feat. Danny Ocean)
"19 Dec 2022, 22:06",BENEE,Beach Boy
"19 Dec 2022, 22:04",Chris James,The Reminder
"19 Dec 2022, 22:01",Coin,Cutie
"19 Dec 2022, 21:58",Lauv,26
"19 Dec 2022, 21:55",Tame Impala,Feels Like We Only Go Backwards
"19 Dec 2022, 21:49",Pearl Jam,Black
"19 Dec 2022, 21:46",Kid Freud,Can't Take My Eyes Off You
"19 Dec 2022, 21:43",Joy Division,Love Will Tear Us Apart
"19 Dec 2022, 21:39",Cage the Elephant,Cold Cold Cold
"19 Dec 2022, 21:36",twenty one pilots,House of Gold
"19 Dec 2022, 21:33",The Killers,Somebody Told Me
"19 Dec 2022, 21:28",Kansas,Carry on Wayward Son
"19 Dec 2022, 21:25",Till,Find My Way
"19 Dec 2022, 21:21",jambu,Falso Realismo
"19 Dec 2022, 21:18",Seu Pereira e Coletivo 401,Menina E. T.
"19 Dec 2022, 21:14",Maglore,Vira-Lata
"19 Dec 2022, 21:09",O Terno,Pra Sempre Será
"19 Dec 2022, 21:05",Blue Öyster Cult,Then Came the Last Days of May
"19 Dec 2022, 20:59",Marcello Gugu,Indireta
"19 Dec 2022, 20:54",Black Sabbath,Changes
"19 Dec 2022, 20:51",Jovem Dionisio,Amigos Até Certa Instância
"19 Dec 2022, 20:48",Saudade,vou-me embora de mim
"19 Dec 2022, 19:06",Deu Ruim,Miguel - waves - Tame Impala Remix
"19 Dec 2022, 19:02",Deu Ruim,JVKE - golden hour - Jungle Remix
"19 Dec 2022, 18:59",Tim Atlas,Wallflower
"19 Dec 2022, 18:55",Parcels,Tieduprightnow
"19 Dec 2022, 18:52",Phoebe Bridgers,Kyoto (The Marías Remix)
"19 Dec 2022, 18:48",Phum Viphurit,Lover Boy
"19 Dec 2022, 18:44",Alfie Templeman,Obvious Guy
"19 Dec 2022, 18:40",Magdalena Bay,The Beginning
"19 Dec 2022, 18:35",MGMT,Kids
"19 Dec 2022, 18:31",Unknown Mortal Orchestra,Hunnybee
"19 Dec 2022, 18:25",Arctic Monkeys,Jet Skis on the Moat
"19 Dec 2022, 17:09",Arctic Monkeys,Do Me a Favour
"19 Dec 2022, 17:04",The Strokes,The Adults Are Talking
"19 Dec 2022, 17:00",Arctic Monkeys,Jet Skis on the Moat
"19 Dec 2022, 16:22",The Strokes,Reptilia
"19 Dec 2022, 16:19",Cage the Elephant,Cold Cold Cold
"19 Dec 2022, 16:15",Arctic Monkeys,Do Me a Favour
"19 Dec 2022, 16:10",The Strokes,The Adults Are Talking
"19 Dec 2022, 16:07",Arctic Monkeys,Jet Skis on the Moat
"19 Dec 2022, 15:08",The Arcs,Eyez
"19 Dec 2022, 15:05",Arctic Monkeys,I Ain’t Quite Where I Think I Am
"19 Dec 2022, 15:02",Cage the Elephant,Cigarette Daydreams
"19 Dec 2022, 14:56",The Kooks,Sweet Emotion
"19 Dec 2022, 14:51",The Strokes,The Adults Are Talking
"19 Dec 2022, 14:48",The Black Keys,Tighten Up
"19 Dec 2022, 14:42",Radiohead,Weird Fishes/ Arpeggi
"19 Dec 2022, 14:39",The Arcs,Searching the Blue
"19 Dec 2022, 14:37",Arctic Monkeys,Riot Van
"19 Dec 2022, 14:33",Cage the Elephant,Telescope
"19 Dec 2022, 14:30",The Kooks,Bad Habit
"19 Dec 2022, 14:25",The Strokes,"Call It Fate, Call It Karma"
"19 Dec 2022, 14:22",The Black Keys,Turn Blue
"19 Dec 2022, 14:18",Muse,Supermassive Black Hole
"19 Dec 2022, 14:14",Radiohead,Jigsaw Falling Into Place
"19 Dec 2022, 14:11",Arctic Monkeys,Why'd You Only Call Me When You're High?
"19 Dec 2022, 14:08",Cage the Elephant,Cold Cold Cold
"19 Dec 2022, 14:05",The Kooks,Always Where I Need to Be
"19 Dec 2022, 14:01",The Strokes,Tap Out
"19 Dec 2022, 13:58",The Black Keys,Dead and Gone
"19 Dec 2022, 13:54",The White Stripes,Seven Nation Army
"19 Dec 2022, 13:50",Radiohead,No Surprises
"19 Dec 2022, 13:47",Arctic Monkeys,Stop the World I Wanna Get Off with You
"19 Dec 2022, 13:42",Deu Ruim,Cage the Elephant - Right Before My Eyes - Unpeeled
"19 Dec 2022, 13:39",The Kooks,Taking Pictures of You
"19 Dec 2022, 13:36",The Strokes,Reptilia
"17 Dec 2022, 19:08",The Royal Concept,On Our Way
"17 Dec 2022, 18:11",BØRNS,Bye-Bye Darling
"17 Dec 2022, 18:07",Jack Grace,if i tremble
"17 Dec 2022, 18:02",Beach House,Space Song
"17 Dec 2022, 17:58",Gus Dapperton,"Gum, Toe and Sole"
"17 Dec 2022, 17:54",Biarritz,Empty Pub
"17 Dec 2022, 17:50",Conan Gray,Idle Town
"17 Dec 2022, 17:44",Fleece,Riverside
"17 Dec 2022, 17:41",Vanilla Gorilla,Tropicana
"17 Dec 2022, 17:38",Mild High Club,Homage
"17 Dec 2022, 17:36",Clairo,Flaming Hot Cheetos
"17 Dec 2022, 17:32",Simonami,Soledad
"17 Dec 2022, 17:29",Acid Ghost,All Alone
"17 Dec 2022, 17:23",Kalouv,Moo Moo
"17 Dec 2022, 17:20",Diego Lorenzini,P.F.
"17 Dec 2022, 17:16",Summer Salt,Driving to Hawaii
"17 Dec 2022, 17:12",Noah Salem,Shower's Dead
"17 Dec 2022, 17:07",Cigarettes After Sex,Nothing's Gonna Hurt You Baby
"17 Dec 2022, 17:04",The Walters,What's Left
"17 Dec 2022, 16:59",The Cegus,Cold Street
"17 Dec 2022, 14:43",Dominic Fike,3 Nights
"17 Dec 2022, 14:39",Her's,What Once Was
"17 Dec 2022, 14:36",Panic! at the Disco,LA Devotee
"17 Dec 2022, 14:32",Incubus,Anna Molly
"17 Dec 2022, 14:28",Aerosmith,Dream On
"17 Dec 2022, 14:24",Jet,Are You Gonna Be My Girl
"17 Dec 2022, 14:20",Jerry Douglas,The Boxer feat. Mumford & Sons and Paul Simon
"17 Dec 2022, 14:16",Deu Ruim,The Smashing Pumpkins - 1979 - Remastered 2012
"17 Dec 2022, 14:13",Gorillaz,We Got The Power (feat. Jehnny Beth)
"17 Dec 2022, 14:09",Metronomy,The Look
"17 Dec 2022, 14:03",U2,Ultra Violet (Light My Way)
"17 Dec 2022, 13:53",Thirty Seconds to Mars,The Kill
"17 Dec 2022, 13:48",Avenged Sevenfold,Bat Country
"17 Dec 2022, 13:44",Kaiser Chiefs,Ruby
"17 Dec 2022, 13:41",Imagine Dragons,Radioactive
"17 Dec 2022, 13:37",The Killers,Dying Breed
"17 Dec 2022, 13:34",Freddie Gibbs,Crime Pays
"17 Dec 2022, 13:30",The White Stripes,Seven Nation Army
"17 Dec 2022, 13:27",Alex Turner,Stuck on the Puzzle
"17 Dec 2022, 13:21",Guns N' Roses,Sweet Child o' Mine
"17 Dec 2022, 09:39",Prume,Non Planned Holiday
"17 Dec 2022, 09:35",Marsandaras (M*A*R*S),Spring Time Blues
"17 Dec 2022, 09:30","Tyler, the Creator",Boredom (feat. Rex Orange County & Anna of the North)
"17 Dec 2022, 09:27",zack villere,Slow Down
"17 Dec 2022, 09:24",Gab Ferreira,Alone with Everybody
"17 Dec 2022, 09:19",Tame Impala,Yes I'm Changing
"17 Dec 2022, 09:17",boy pablo,Beach House
"17 Dec 2022, 09:13",The Voidz,Leave It In My Dreams
"17 Dec 2022, 09:11",Good Morning,Warned You
"17 Dec 2022, 09:07",Mt. Joy,Sheep
"17 Dec 2022, 09:03",The Neighbourhood,Sadderdaze
"17 Dec 2022, 08:59",HONNE,Day 1 ◑
"17 Dec 2022, 08:55",Rex Orange County,Best Friend
"17 Dec 2022, 08:52",Brock Berrigan,License to Chill
"17 Dec 2022, 08:47",Moons,moons
"17 Dec 2022, 08:44",HOMESHAKE,She Can’t Leave Me Here Alone Tonight
"17 Dec 2022, 08:40",Vansire,Four Portraits
"17 Dec 2022, 08:36",Lily Allen,Apples
"17 Dec 2022, 08:31",Childish Gambino,Redbone
"17 Dec 2022, 08:26",Rambutan Jam Band,Doing What They Taught Us
"17 Dec 2022, 08:23",Why These Coyotes,Dance Around the Fire
"17 Dec 2022, 08:18",Milmine,Vieil Amour
"17 Dec 2022, 08:12",Her's,Cool with You
"17 Dec 2022, 08:10",Ducktails,Hamilton Road
"17 Dec 2022, 08:06",FELIVAND,Same Old
"17 Dec 2022, 08:03",Mac DeMarco,For the First Time
"17 Dec 2022, 07:59",Hippo Campus,Way It Goes
"17 Dec 2022, 07:55",The Japanese House,Saw You in a Dream
"17 Dec 2022, 07:52",Benjamin Existe,Spark
"17 Dec 2022, 07:47",Daniel Caesar,Japanese Denim
"17 Dec 2022, 07:44",The Strokes,"Call It Fate, Call It Karma"
"17 Dec 2022, 07:42",No Vacation,Lovefool
"17 Dec 2022, 07:38",Donnie Trumpet & The Social Experiment,Sunday Candy
"17 Dec 2022, 07:34",The Long Faces,Sum of My Cares
"17 Dec 2022, 07:30",Alexandra Savior,Girlie
"17 Dec 2022, 07:27",Thea,Grandfather Clock
"17 Dec 2022, 07:24",I Me Mine,Expectations
"17 Dec 2022, 07:20",The Honeysticks,Out Like a Light
"17 Dec 2022, 07:16",Mac DeMarco,One More Love Song
"17 Dec 2022, 07:13",Clairo,Pretty Girl
"17 Dec 2022, 07:09",Atlas Bound,Lullaby
"17 Dec 2022, 07:06",San Cisco,About You
"17 Dec 2022, 07:01",Rex Orange County,Sunflower
"17 Dec 2022, 06:56",Good Posture,Italy
"17 Dec 2022, 06:54",No Buses,Tic
"17 Dec 2022, 06:49",Charlie Burg,Phillip's Bicycle
"17 Dec 2022, 06:46",Triathalon,Hawaiian Boi
"17 Dec 2022, 06:44",beabadoobee,Coffee
"17 Dec 2022, 06:41",lanclier,Never Leave
"17 Dec 2022, 06:36",Yellow Days,A Little While
"17 Dec 2022, 06:31",Livers,Mary
"17 Dec 2022, 06:28",King Krule,Baby Blue
"17 Dec 2022, 06:24",YMA,Summer Lover
"17 Dec 2022, 06:20",Verzache,Waiting for You
"17 Dec 2022, 06:16",Leon Bridges,River
"17 Dec 2022, 06:13",Berhana,Janet
"17 Dec 2022, 06:09",Gus & Vic,We Know
"17 Dec 2022, 06:05",Colyer,Lost In Your Love
"17 Dec 2022, 06:02",Willow,Warm Honey
"17 Dec 2022, 05:58",Varsity,"So Sad, So Sad"
"17 Dec 2022, 05:53",Cosmo Pyke,Chronic Sunshine
"17 Dec 2022, 05:50",Banes World,You Say I'm in Love
"17 Dec 2022, 05:46",Oscar Lang,Mirrors
"17 Dec 2022, 05:43",Mosss,Here If You Want (Pale Blue)
"17 Dec 2022, 05:40",The Walters,I Love You So
"17 Dec 2022, 05:38",Still Woozy,Goodie Bag
"17 Dec 2022, 05:35",Billie Eilish,lovely (with Khalid)
"17 Dec 2022, 05:32",Sofia Mills,Coffee Breath
"17 Dec 2022, 05:27",Mosie,Tough as Nails
"17 Dec 2022, 05:23",Bahamas,Your Sweet Touch
"17 Dec 2022, 05:20",Mars Today,Cool It
"17 Dec 2022, 05:16",Phum Viphurit,Lover Boy
"17 Dec 2022, 05:13","Tyler, the Creator",See You Again (feat. Kali Uchis)
"17 Dec 2022, 05:09",KVSPER,Tinted
"17 Dec 2022, 05:05",Grouplove,Tongue Tied
"17 Dec 2022, 05:01",The Symposium,Streems
"17 Dec 2022, 04:57",Unknown Mortal Orchestra,So Good at Being in Trouble
"17 Dec 2022, 04:53",Yellow Days,Gap In The Clouds
"17 Dec 2022, 04:50",Still Woozy,Cooks
"17 Dec 2022, 04:46",The Lemon Twigs,Beautiful
"17 Dec 2022, 04:44",Jakob,Let It Pass
"17 Dec 2022, 01:03",System of a Down,Radio/Video
"17 Dec 2022, 01:00",System of a Down,I-E-A-I-A-I-O
"17 Dec 2022, 00:56",System of a Down,Aerials
"17 Dec 2022, 00:53",System of a Down,Spiders
"17 Dec 2022, 00:49",System of a Down,Violent Pornography
"17 Dec 2022, 00:46",System of a Down,Hypnotize
"17 Dec 2022, 00:44",System of a Down,Toxicity
"17 Dec 2022, 00:38",System of a Down,Chop Suey!
"17 Dec 2022, 00:10",Rise Against,Savior
"17 Dec 2022, 00:07",U2,The Showman (Little More Better)
"17 Dec 2022, 00:04",Panic! at the Disco,This Is Gospel
"17 Dec 2022, 00:00",The Neighbourhood,Pretty Boy
"16 Dec 2022, 23:54",Deu Ruim,U2 - Bad - Edit
"16 Dec 2022, 23:50",Neutral Milk Hotel,In the Aeroplane Over the Sea
"16 Dec 2022, 23:49",Wallows,Wish Me Luck
"16 Dec 2022, 19:55",Klaxons,Golden Skans
"16 Dec 2022, 19:51",Catfish and the Bottlemen,Anything
"16 Dec 2022, 19:47",The Neighbourhood,Sweater Weather
"16 Dec 2022, 19:46",Earl Sweatshirt,Riot!
"16 Dec 2022, 19:41",Deu Ruim,Led Zeppelin - Whole Lotta Love - 1990 Remaster
"16 Dec 2022, 19:37",Muse,Supermassive Black Hole
"16 Dec 2022, 19:33",Aerosmith,Walk This Way
"16 Dec 2022, 19:28",Avenged Sevenfold,Hail to the King
"16 Dec 2022, 18:28",Matt and Kim,Daylight
"16 Dec 2022, 18:17",The Police,Message in a Bottle
"16 Dec 2022, 18:14",Arctic Monkeys,Fireside
"16 Dec 2022, 18:10",Dio,Rainbow in the Dark
"16 Dec 2022, 18:06",The Lumineers,Walls
"15 Dec 2022, 22:32",The Strokes,"Call It Fate, Call It Karma"
"15 Dec 2022, 22:27",MGMT,Time to Pretend
"15 Dec 2022, 22:22",Arctic Monkeys,Four Out of Five
"15 Dec 2022, 22:17",Bloc Party,Ratchet
"15 Dec 2022, 22:15",Klaxons,Golden Skans
"15 Dec 2022, 22:11",Fall Out Boy,Thnks fr th Mmrs
"15 Dec 2022, 22:07",Kings of Leon,Use Somebody
"15 Dec 2022, 22:04",Arctic Monkeys,I Bet You Look Good on the Dancefloor
"15 Dec 2022, 22:01",The Black Keys,Gold on the Ceiling
"15 Dec 2022, 21:58",The Kooks,Always Where I Need to Be
"15 Dec 2022, 21:55",The White Stripes,Blue Orchid
"15 Dec 2022, 21:53",Klaxons,Gravity's Rainbow
"15 Dec 2022, 21:49",The Killers,Somebody Told Me
"15 Dec 2022, 21:46",Arctic Monkeys,R U Mine?
"15 Dec 2022, 21:42",Red Hot Chili Peppers,Universally Speaking
"15 Dec 2022, 21:38",The Fratellis,Chelsea Dagger
"15 Dec 2022, 21:35",The Black Keys,Dead and Gone
"15 Dec 2022, 21:31",Cage the Elephant,Cold Cold Cold
"15 Dec 2022, 21:29",Pixies,Wave of Mutilation
"15 Dec 2022, 21:26",Arctic Monkeys,Fluorescent Adolescent
"15 Dec 2022, 21:23",Dirty Pretty Things,Deadwood
"15 Dec 2022, 21:20",The Kooks,Naive
"15 Dec 2022, 21:16",Greta Van Fleet,Safari Song
"15 Dec 2022, 21:14",Royal Blood,Loose Change
"15 Dec 2022, 21:10",The Black Keys,Tighten Up
"15 Dec 2022, 21:07",Arctic Monkeys,When the Sun Goes Down
"15 Dec 2022, 21:03",U2,Vertigo
"15 Dec 2022, 21:00",Cage the Elephant,Spiderhead
"15 Dec 2022, 20:56",Phoenix,Lisztomania
"15 Dec 2022, 20:53",Kings of Leon,Don't Matter
"15 Dec 2022, 20:49",Ramones,Pet Sematary
"15 Dec 2022, 20:46",Arctic Monkeys,Brianstorm
"15 Dec 2022, 20:43",Red Hot Chili Peppers,Scar Tissue
"15 Dec 2022, 20:39",Tame Impala,Elephant
"15 Dec 2022, 20:35",Foo Fighters,Everlong
"15 Dec 2022, 20:32",Two Door Cinema Club,What You Know
"15 Dec 2022, 20:29",The Vines,Green Utopia
"15 Dec 2022, 20:26",Arctic Monkeys,From the Ritz to the Rubble
"15 Dec 2022, 20:24",The Black Keys,Heavy Soul
"15 Dec 2022, 20:18",Deu Ruim,Led Zeppelin - Whole Lotta Love - 1990 Remaster
"15 Dec 2022, 20:14",Deu Ruim,Queen - Under Pressure - Single Version; 2017 Remaster
"15 Dec 2022, 20:11",Kiss,Rock And Roll All Nite
"15 Dec 2022, 20:08",Angels & Airwaves,Everything's Magic
"15 Dec 2022, 20:05",Jimmy Eat World,The Middle
"15 Dec 2022, 20:00",Pearl Jam,Even Flow
"15 Dec 2022, 19:57",New Politics,Tonight You're Perfect
"15 Dec 2022, 19:53",AFI,Miss Murder
"15 Dec 2022, 19:50",Fall Out Boy,Young Volcanoes
"15 Dec 2022, 19:47",Panic! at the Disco,I Write Sins Not Tragedies
"15 Dec 2022, 19:43",Beck,Loser
"15 Dec 2022, 19:41",Deu Ruim,Blur - Song 2 - 2012 Remaster
"15 Dec 2022, 19:38",New Politics,Harlem
"15 Dec 2022, 19:35",Weezer,Hash Pipe
"15 Dec 2022, 19:31",Jimi Hendrix,All Along the Watchtower
"15 Dec 2022, 19:26",Coldplay,Adventure of a Lifetime
"15 Dec 2022, 19:23",Foo Fighters,Monkey Wrench
"15 Dec 2022, 19:17",Deu Ruim,Queen - Radio Ga Ga - Remastered 2011
"15 Dec 2022, 19:14",Fall Out Boy,"Dance, Dance"
"15 Dec 2022, 19:09",Deu Ruim,The Smashing Pumpkins - Bullet With Butterfly Wings - remastered 2012
"15 Dec 2022, 19:05",Kiss,I Was Made for Lovin' You
"15 Dec 2022, 19:01",Jet,Are You Gonna Be My Girl
"15 Dec 2022, 18:57",Foster the People,Pumped Up Kicks
"15 Dec 2022, 18:55",Violent Femmes,Blister In The Sun
"15 Dec 2022, 18:50",Deu Ruim,Oasis - Wonderwall - Remastered
"15 Dec 2022, 18:47",Deu Ruim,The Clash - Rudie Can't Fail - Remastered
"15 Dec 2022, 18:43",Blondie,Call Me
"15 Dec 2022, 18:38",Nirvana,Smells Like Teen Spirit
"15 Dec 2022, 18:35",Sixpence None the Richer,Kiss Me
"15 Dec 2022, 18:27",Deu Ruim,David Bowie - Let's Dance - 2018 Remaster
"15 Dec 2022, 18:24",Wolfmother,Woman
"15 Dec 2022, 18:20",Kasabian,Underdog
"15 Dec 2022, 18:14",Talking Heads,(Nothing But) Flowers
"15 Dec 2022, 18:12",Deu Ruim,Ramones - I Wanna Be Sedated - 2002 Remaster
"15 Dec 2022, 18:08",Deu Ruim,The Clash - Rock the Casbah - remastered
"15 Dec 2022, 18:06",Eagles of Death Metal,Wannabe in L.A.
"15 Dec 2022, 18:02",Buzzard Buzzard Buzzard,Double Denim Hop
"15 Dec 2022, 17:58",Incubus,Anna Molly
"15 Dec 2022, 17:55",The Black Keys,Howlin' for You
"15 Dec 2022, 17:51",Fountains of Wayne,Radiation Vibe
"15 Dec 2022, 17:48",Deu Ruim,The Clash - Should I Stay or Should I Go - remastered
"15 Dec 2022, 17:45",Green Day,Welcome to Paradise
"15 Dec 2022, 17:42",The White Stripes,Blue Orchid
"15 Dec 2022, 17:38",The Killers,The Man
"15 Dec 2022, 17:35",The Police,Roxanne
"15 Dec 2022, 17:30",Red Hot Chili Peppers,Can't Stop
"15 Dec 2022, 17:25",Electric Light Orchestra,Mr. Blue Sky
"15 Dec 2022, 17:23",The Kinks,You Really Got Me
"15 Dec 2022, 17:19",The Black Keys,Lonely Boy
"15 Dec 2022, 17:16",The Killers,Mr. Brightside
"15 Dec 2022, 17:13",Deu Ruim,Cage the Elephant - Ain't No Rest for the Wicked - Original Version
"15 Dec 2022, 17:10",Royal Blood,Figure It Out
"15 Dec 2022, 17:05",Queens of the Stone Age,The Way You Used to Do
"15 Dec 2022, 17:02",The Black Keys,Lo/Hi
"15 Dec 2022, 16:58",Deu Ruim,Led Zeppelin - D'yer Mak'er - Remaster
"15 Dec 2022, 16:53",Greta Van Fleet,You're The One
"15 Dec 2022, 16:50",blink-182,First Date
"15 Dec 2022, 16:47",Sex Pistols,God Save the Queen
"15 Dec 2022, 16:44",The Killers,Somebody Told Me
"15 Dec 2022, 16:41",Deu Ruim,Blur - Parklife - 2012 Remaster
"15 Dec 2022, 16:37",The Fratellis,Chelsea Dagger
"15 Dec 2022, 16:34",Bloc Party,Helicopter
"15 Dec 2022, 16:30",Bleachers,Rollercoaster
"15 Dec 2022, 16:26",Muse,Starlight
"15 Dec 2022, 16:23",Paramore,Still Into You
"15 Dec 2022, 16:20",The Black Keys,Your Touch
"15 Dec 2022, 16:17",Queens of the Stone Age,3's & 7's
"15 Dec 2022, 16:15",Deu Ruim,Ramones - Do You Wanna Dance? - 2017 Remaster
"15 Dec 2022, 16:11",Kings of Leon,Sex on Fire
"15 Dec 2022, 16:08",The Hives,Hate to Say I Told You So
"15 Dec 2022, 16:04",YUNGBLUD,Tissues
"15 Dec 2022, 16:01",The Cure,Friday I'm in Love
"15 Dec 2022, 15:58",Greta Van Fleet,Highway Tune
"15 Dec 2022, 15:54",The Killers,Shot at the Night
"15 Dec 2022, 15:49",Queens of the Stone Age,No One Knows
"15 Dec 2022, 15:44",Deu Ruim,David Bowie - Rebel Rebel - 2016 Remaster
"15 Dec 2022, 15:41",The Raconteurs,"Steady, as She Goes"
"15 Dec 2022, 15:37",Black Pumas,Colors
"15 Dec 2022, 15:33",Gorillaz,Feel Good Inc.
"15 Dec 2022, 15:30",Weezer,Buddy Holly
"15 Dec 2022, 15:26",Franz Ferdinand,Take Me Out
"15 Dec 2022, 15:21",Deu Ruim,Oasis - Don't Look Back In Anger - Remastered
"15 Dec 2022, 15:19",The La's,There She Goes
"15 Dec 2022, 15:16",Arctic Monkeys,I Bet You Look Good on the Dancefloor
"15 Dec 2022, 15:13",Waterparks,Lucky People
"15 Dec 2022, 15:10",Supergrass,Alright
"15 Dec 2022, 15:06",Muse,Supermassive Black Hole
"15 Dec 2022, 15:04",Klaxons,Golden Skans
"15 Dec 2022, 15:00",Franz Ferdinand,No You Girls
"15 Dec 2022, 14:56",Arctic Monkeys,R U Mine?
"15 Dec 2022, 14:51",The Cure,Just Like Heaven
"15 Dec 2022, 14:49",Vampire Weekend,A-Punk
"15 Dec 2022, 14:45",Ghost,Mary on a Cross
"15 Dec 2022, 14:42",Weezer,Island in the Sun
"15 Dec 2022, 14:37",The Strokes,Last Nite
"15 Dec 2022, 14:35",The White Stripes,Fell in Love With a Girl
"15 Dec 2022, 14:25",The Cure,Boys Don't Cry
"15 Dec 2022, 14:20",Greta Van Fleet,Light My Love
"15 Dec 2022, 14:11",Slipknot,Psychosocial
"15 Dec 2022, 14:09",Slipknot,Wait and Bleed
"15 Dec 2022, 13:59",System of a Down,Lonely Day
"15 Dec 2022, 13:54",System of a Down,B.Y.O.B.
"15 Dec 2022, 13:50",System of a Down,Aerials
"15 Dec 2022, 13:47",System of a Down,Toxicity
"15 Dec 2022, 13:43",System of a Down,Chop Suey!
"15 Dec 2022, 12:36",Derek & The Dominos,Layla
"15 Dec 2022, 12:30",Avenged Sevenfold,Nightmare
"14 Dec 2022, 23:27",The Killers,Human
"14 Dec 2022, 23:23",Foo Fighters,Everlong
"14 Dec 2022, 23:19",Neon Trees,Animal
"14 Dec 2022, 23:15",The Avalanches,Since I Left You
"14 Dec 2022, 23:10",Billy Idol,Rebel Yell
"14 Dec 2022, 23:08",Dominic Fike,Babydoll
"14 Dec 2022, 23:05",Deu Ruim,U2 - Pride (In The Name Of Love) - Remastered 2009
"14 Dec 2022, 23:01",The Fratellis,She's Not Gone Yet But She's Leaving
"14 Dec 2022, 22:57",Neutral Milk Hotel,In the Aeroplane Over the Sea
"14 Dec 2022, 22:53",Arctic Monkeys,505
"14 Dec 2022, 22:49",MGMT,When You Die
"14 Dec 2022, 22:39",Avenged Sevenfold,Demons
"14 Dec 2022, 22:29",Kings of Leon,On Call
"14 Dec 2022, 22:25",Kings of Leon,Comeback Story
"14 Dec 2022, 22:20",Kings of Leon,Arizona
"14 Dec 2022, 22:16",Kings of Leon,Use Somebody
"14 Dec 2022, 22:11",The Strokes,Last Nite
"14 Dec 2022, 22:07",Young the Giant,Cough Syrup
"14 Dec 2022, 19:58",The Strokes,Threat Of Joy
"14 Dec 2022, 17:55",Deu Ruim,U2 - Ordinary Love - Extraordinary Mix
"14 Dec 2022, 17:51",Wolfmother,Vagabond
"14 Dec 2022, 17:48",Twisted Sister,I Wanna Rock
"14 Dec 2022, 17:46",Mac DeMarco,This Old Dog
"14 Dec 2022, 17:42",Panic! at the Disco,Nearly Witches (Ever Since We Met...)
"14 Dec 2022, 17:42",The Voidz,Leave It In My Dreams
"14 Dec 2022, 17:37",Panic! at the Disco,Nearly Witches (Ever Since We Met...)
"14 Dec 2022, 17:33",Miike Snow,Animal
"14 Dec 2022, 17:29",Cage the Elephant,Come a Little Closer
"14 Dec 2022, 17:25",Mac DeMarco,Ode to Viceroy
"14 Dec 2022, 17:23",Dutch Criminal Record,On the Fence
"14 Dec 2022, 17:20",Arctic Monkeys,No Buses
"14 Dec 2022, 17:16",The Strumbellas,Spirits
"14 Dec 2022, 17:14",Mac DeMarco,I'm a Man
"14 Dec 2022, 17:10",Panic! at the Disco,House of Memories
"14 Dec 2022, 17:07",Arctic Monkeys,Why'd You Only Call Me When You're High?
"14 Dec 2022, 17:05",Arctic Monkeys,Love Is a Laserquest
"14 Dec 2022, 16:59",Deu Ruim,Cage the Elephant - Instant Crush - Unpeeled
"14 Dec 2022, 16:56",The Killers,Mr. Brightside
"14 Dec 2022, 16:53",The Kooks,Junk of the Heart (Happy)
"14 Dec 2022, 16:41",The Black Keys,Tighten Up
"14 Dec 2022, 16:34",Fall Out Boy,The Phoenix
"14 Dec 2022, 16:30",Deu Ruim,Grouplove - Let Me In - From The Fault in Our Stars Soundtrack
"14 Dec 2022, 16:26",Tame Impala,Borderline
"14 Dec 2022, 16:23",Mac DeMarco,Let Her Go
"14 Dec 2022, 16:20",Arctic Monkeys,I Wanna Be Yours
"14 Dec 2022, 16:20",Dreamer Isioma,Valentina
"14 Dec 2022, 14:55",Dreamer Isioma,Valentina
"14 Dec 2022, 14:52",Mac DeMarco,No Other Heart
"14 Dec 2022, 14:48",The Naked and Famous,Young Blood
"14 Dec 2022, 14:44",The Avalanches,Because I’m Me
"14 Dec 2022, 14:40",Aurora,Conqueror
"14 Dec 2022, 14:36",Cambriana,The Sad Facts
"14 Dec 2022, 14:33",Arctic Monkeys,Do Me a Favour
"14 Dec 2022, 14:28",Arctic Monkeys,There’d Better Be a Mirrorball
"14 Dec 2022, 14:19","Tyler, the Creator",SWEET / I THOUGHT YOU WANTED TO DANCE (feat. Brent Faiyaz & Fana Hues)
"14 Dec 2022, 14:15",Cage the Elephant,Trouble
"14 Dec 2022, 14:12",Colony House,Silhouettes
"14 Dec 2022, 14:08",The Strokes,"Call It Fate, Call It Karma"
"14 Dec 2022, 14:07",Steve Lacy,Basement Jack
"14 Dec 2022, 14:02",Panic! at the Disco,Hurricane
"14 Dec 2022, 13:59",Fall Out Boy,Immortals
"14 Dec 2022, 13:56",Arctic Monkeys,Fluorescent Adolescent
"14 Dec 2022, 13:52",King Krule,Baby Blue
"14 Dec 2022, 13:49",The Killers,Boy
"14 Dec 2022, 13:45",Cage the Elephant,Cigarette Daydreams
"14 Dec 2022, 13:42",The Black Keys,Lonely Boy
"14 Dec 2022, 13:39",The Strokes,Call Me Back
"14 Dec 2022, 13:37",The Kooks,Naive
"14 Dec 2022, 13:37",Mac DeMarco,The Way You'd Love Her
"14 Dec 2022, 13:33",The Kooks,Naive
"14 Dec 2022, 13:30",Husky,Ghost
"14 Dec 2022, 13:26",The 1975,Girls
"14 Dec 2022, 13:22",Arctic Monkeys,Jet Skis on the Moat
"13 Dec 2022, 23:50",Paulo Nazareth,Não é Mais Segredo
"13 Dec 2022, 23:47",Estevão Queiroga,A Partida e o Norte
"13 Dec 2022, 23:36",Juliano Son,Espero por Ti
"13 Dec 2022, 23:32",Os Arrais,A voz (feat. Daniela Araújo)
"13 Dec 2022, 21:37",Terno Rei,Brutal
"13 Dec 2022, 21:35",Julio Secchin,FESTA DE ADEUS
"13 Dec 2022, 21:32",Terno Rei,Internet
"13 Dec 2022, 21:29",Julio Secchin,PRA QUE SER TÃO NORMAL
"13 Dec 2022, 21:26",Terno Rei,Só Eu Sei
"13 Dec 2022, 21:23",O Terno,Volta
"13 Dec 2022, 21:20",Lagum,NÃO VOU FALAR DE AMOR
"13 Dec 2022, 21:17",Jovem Dionisio,Amor de Cão
"13 Dec 2022, 21:15",Terno Rei,Dia Lindo
"13 Dec 2022, 21:12",Tiago Iorc,Pode Se Achegar
"13 Dec 2022, 21:08",Terno Rei,Esperando Você
"13 Dec 2022, 21:04",Hot,Presença
"13 Dec 2022, 21:00",O Terno,Atrás / Além
"13 Dec 2022, 20:56",Maglore,Café com Pão
"13 Dec 2022, 20:54",Terno Rei,Trailers
"13 Dec 2022, 20:48",Tim Bernardes,A Balada de Tim Bernardes
"13 Dec 2022, 20:45",Tim Bernardes,Mistificar
"13 Dec 2022, 20:40",Tim Bernardes,Última Vez
"13 Dec 2022, 20:37",Tim Bernardes,Esse Ar
"13 Dec 2022, 20:32",Tim Bernardes,Olha
"13 Dec 2022, 20:28",Tim Bernardes,Velha Amiga
"13 Dec 2022, 20:25",Tim Bernardes,Falta
"13 Dec 2022, 20:20",Tim Bernardes,Meus 26
"13 Dec 2022, 20:17",Tim Bernardes,BB (Garupa de Moto Amarela)
"13 Dec 2022, 20:13",Tim Bernardes,Fases
"13 Dec 2022, 20:11",Tim Bernardes,"Nascer, Viver, Morrer"
"13 Dec 2022, 20:08",Panic! at the Disco,"There's a Good Reason These Tables Are Numbered Honey, You Just Haven't Thought of It Yet"
"13 Dec 2022, 20:04",Panic! at the Disco,But It's Better If You Do
"13 Dec 2022, 20:01",Panic! at the Disco,Lying Is the Most Fun a Girl Can Have Without Taking Her Clothes Off
"13 Dec 2022, 19:58",Panic! at the Disco,The Only Difference Between Martyrdom and Suicide Is Press Coverage
"13 Dec 2022, 19:54",Panic! at the Disco,LA Devotee
"13 Dec 2022, 19:52",Panic! at the Disco,Victorious
"13 Dec 2022, 19:49",Panic! at the Disco,Mercenary
"13 Dec 2022, 19:45",Tame Impala,Elephant
"13 Dec 2022, 19:41",Deu Ruim,Pixies - Where Is My Mind? - Remastered
"13 Dec 2022, 19:38",Alex Turner,Stuck on the Puzzle
"13 Dec 2022, 19:35",The Kooks,Junk of the Heart (Happy)
"13 Dec 2022, 19:32",The Vaccines,Post Break-Up Sex
"13 Dec 2022, 19:28",Gorillaz,On Melancholy Hill
"13 Dec 2022, 19:24",The Killers,Smile Like You Mean It
"13 Dec 2022, 19:19",The Killers,All These Things That I've Done
"13 Dec 2022, 19:14",U2,The Fly
"13 Dec 2022, 19:09",U2,One
"13 Dec 2022, 19:04",U2,Until the End of the World
"13 Dec 2022, 18:59",U2,Who's Gonna Ride Your Wild Horses
"13 Dec 2022, 18:56",U2,Desire
"13 Dec 2022, 18:51",Deu Ruim,U2 - With Or Without You - remastered
"13 Dec 2022, 18:46",Deu Ruim,U2 - Where The Streets Have No Name - Remastered
"13 Dec 2022, 18:41",Deu Ruim,U2 - Bullet The Blue Sky - Remastered 2007
"13 Dec 2022, 18:35",Deu Ruim,U2 - Bad - Remastered 2009
"13 Dec 2022, 18:30",Deu Ruim,U2 - Sunday Bloody Sunday - Remastered 2008
"13 Dec 2022, 18:26",Deu Ruim,U2 - Two Hearts Beat As One - Remastered 2008
"13 Dec 2022, 18:24",Deu Ruim,U2 - October - Remastered 2008
"13 Dec 2022, 18:20",Deu Ruim,U2 - Invisible - (RED) Edit
"13 Dec 2022, 18:16",Deu Ruim,U2 - 11 O'Clock Tick Tock - Remastered
"13 Dec 2022, 18:13",Deu Ruim,U2 - I Will Follow - Remastered 2008
"13 Dec 2022, 18:09",U2,Song for Someone
"13 Dec 2022, 18:06",Deu Ruim,U2 - Stories For Boys - Remastered 2008
"13 Dec 2022, 18:01",U2,Cedarwood Road
"13 Dec 2022, 17:56",U2,Lights of Home
"13 Dec 2022, 17:53",Deu Ruim,U2 - Ordinary Love - Extraordinary Mix
"13 Dec 2022, 17:49",Vivendo do Ócio,Nostalgia
"13 Dec 2022, 17:46",Moptop,Como se comportar
"13 Dec 2022, 17:43",Terno Rei,Solidão de Volta
"13 Dec 2022, 17:39",Los Hermanos,Do Sétimo Andar
"13 Dec 2022, 17:36",zimbra,Azul
"13 Dec 2022, 17:33",O Grilo,Sambinha
"13 Dec 2022, 17:29",Rodrigo Alarcon,Apesar de Querer
"13 Dec 2022, 17:25",Moptop,Contramão
"13 Dec 2022, 17:23",Vitroles,Blasé
"13 Dec 2022, 17:20",Luiz Lins,Eu Tô Bem
"13 Dec 2022, 17:18",Lagum,Se For pra Ser
"13 Dec 2022, 17:15",Cícero,Some Lazy Days
"13 Dec 2022, 17:11",Los Hermanos,O Velho e o Moço
"13 Dec 2022, 17:08",Jovem Dionisio,É Osso
"13 Dec 2022, 17:05",jambu,Fora do Padrão
"13 Dec 2022, 17:01",Dingo,Anéis de Saturno
"13 Dec 2022, 16:58",Clarice Falcão,Oitavo Andar
"13 Dec 2022, 16:57",Terno Rei,Dia Lindo
"13 Dec 2022, 16:53",Los Hermanos,A Flor
"13 Dec 2022, 16:49",Supercombo,Morar
"13 Dec 2022, 16:46",Supercombo,Xepa das Estrelas
"13 Dec 2022, 16:43",Supercombo,Cela
"13 Dec 2022, 16:40",Supercombo,Parafuso a Menos
"13 Dec 2022, 16:36",Supercombo,Meu Colorista
"13 Dec 2022, 16:33",Supercombo,2 e 1
"13 Dec 2022, 16:30",Supercombo,Robozin
"13 Dec 2022, 16:27",Supercombo,Menina Largata
"13 Dec 2022, 16:23",Supercombo,Maremotos
"13 Dec 2022, 16:20",Supercombo,O Guerreiro e a Selva
"13 Dec 2022, 12:00",Glocca Morra,railing
"13 Dec 2022, 11:58",pictures of vernon,Camp Games 1.1
"13 Dec 2022, 11:57",LVL UP,*_*
"13 Dec 2022, 11:56",Joyce Manor,Catalina Fight Song
"12 Dec 2022, 22:56",Chet Baker,I Fall in Love Too Easily
"12 Dec 2022, 22:49",Jacob Collier,Feel (feat. Lianne La Havas)
"12 Dec 2022, 22:46",Snoh Aalegra,Fool For You
"12 Dec 2022, 22:36",Bill Withers,Can We Pretend
"12 Dec 2022, 22:32",Dominic Fike,Açaí Bowl
"12 Dec 2022, 22:28",Julie London,I'm in the Mood for Love
"12 Dec 2022, 22:16",Deu Ruim,Joy Crookes - Don't Let Me Down - Demo
"12 Dec 2022, 22:10",Djavan,Oceano
"12 Dec 2022, 21:53",Cazuza,Preciso Dizer Que Te Amo
"12 Dec 2022, 21:48",Haikaiss,Sem Graça
"12 Dec 2022, 21:46",Ethan Surman,C'est la vie
"12 Dec 2022, 21:40",Declan McKenna,Make Me Your Queen
"12 Dec 2022, 21:37",Panic! at the Disco,Far Too Young to Die
"12 Dec 2022, 21:33",The Strokes,Threat Of Joy
"12 Dec 2022, 21:29",Arctic Monkeys,Black Treacle
"12 Dec 2022, 21:23",AC/DC,Let There Be Rock
"12 Dec 2022, 21:16",Arctic Monkeys,The Ultracheese
"12 Dec 2022, 21:13",Phoenix,1901
"12 Dec 2022, 21:10",Borges,Iphone Branco
"12 Dec 2022, 21:07",Entre Linhas,Cake
"12 Dec 2022, 21:05",WIU,Coração De Gelo
"12 Dec 2022, 21:00",Supercombo,O Guerreiro e a Selva
"12 Dec 2022, 20:57",Supercombo,Guarda-Chuva
"12 Dec 2022, 20:54",Mac DeMarco,Salad Days
"12 Dec 2022, 20:49",alt-J,Losing My Mind
"12 Dec 2022, 20:44",Arcade Fire,Everything Now
"12 Dec 2022, 20:39",Beirut,Santa Fe
"12 Dec 2022, 12:38",The Avalanches,Because I’m Me
"12 Dec 2022, 12:35",The Lumineers,WHERE WE ARE
"12 Dec 2022, 12:31",AnnenMayKantereit,Tom's Diner
"12 Dec 2022, 12:27",AnnenMayKantereit,Tom's Diner
"12 Dec 2022, 12:23",Tim Bernardes,Não
"12 Dec 2022, 12:19",Kaiser Chiefs,You Can Have It All
"12 Dec 2022, 12:14",Alex Turner,Piledriver Waltz
"12 Dec 2022, 12:10",The Last Shadow Puppets,Miracle Aligner
"12 Dec 2022, 12:06",The Lumineers,REPRISE
"12 Dec 2022, 12:02",The Backseat Lovers,Pool House
"12 Dec 2022, 11:58",Sticky Fingers,These Girls
"12 Dec 2022, 11:55",The Lumineers,NEVER REALLY MINE
"12 Dec 2022, 11:51",The Avalanches,Since I Left You
"12 Dec 2022, 11:47",Deu Ruim,The Ponderosa Twins Plus One - Bound (Kanye West - Bound 2)
"12 Dec 2022, 11:44",Foreign Air,Everything Is Good Now
"12 Dec 2022, 11:44",The Kooks,Taking Pictures of You
"12 Dec 2022, 11:41",Dreamer Isioma,Meadows in Japan
"12 Dec 2022, 11:37",Lou Garcia,Bateria Social
"12 Dec 2022, 11:36",O Terno,A História Mais Velha do Mundo
"12 Dec 2022, 11:28",Tuyo,Descansar o Sentimento
"12 Dec 2022, 11:24",Tuyo,Coração Veloz
"12 Dec 2022, 11:18",Tuyo,Eu Vim Pela Comida
"12 Dec 2022, 11:14",Tuyo,Sonho Antigo
"12 Dec 2022, 11:11",Tuyo,Ela Sorriu Pra Mim
"12 Dec 2022, 11:09",Jovem Dionisio,Amor de Cão
"12 Dec 2022, 11:04",DUDA BEAT,Todo Carinho
"12 Dec 2022, 11:01",Extreme,Interface
"12 Dec 2022, 10:55",Extreme,More Than Words
"12 Dec 2022, 10:52",Arctic Monkeys,Jet Skis on the Moat
"12 Dec 2022, 10:48",The Strokes,You Only Live Once
"12 Dec 2022, 10:45",The Strokes,Last Nite
"12 Dec 2022, 10:41",The Strokes,Reptilia
"12 Dec 2022, 10:38",Cage the Elephant,Cold Cold Cold
"12 Dec 2022, 10:34",Arctic Monkeys,Do Me a Favour
"12 Dec 2022, 00:50",The Strokes,The Adults Are Talking
"12 Dec 2022, 00:47",Arctic Monkeys,Jet Skis on the Moat
"10 Dec 2022, 19:38",The Strokes,Reptilia
"10 Dec 2022, 19:34",The Strokes,Reptilia
"10 Dec 2022, 19:31",Cage the Elephant,Cold Cold Cold
"10 Dec 2022, 19:27",Arctic Monkeys,Do Me a Favour
"10 Dec 2022, 19:22",The Strokes,The Adults Are Talking
"10 Dec 2022, 19:19",Arctic Monkeys,Jet Skis on the Moat
"10 Dec 2022, 19:14",Caroline Polachek,Welcome to My Island
"10 Dec 2022, 19:09",Gorillaz,Skinny Ape
"10 Dec 2022, 18:38",Lana Del Rey,Did You Know That There's a Tunnel Under Ocean Blvd
"10 Dec 2022, 03:02",BLAck pARty,I Love You More Than You Know (feat. Childish Gambino)
"10 Dec 2022, 02:58",Alexandra Savior,Can't Help Myself
"10 Dec 2022, 02:49",Kid Bloom,"I Kissed A Girl, And She Kissed Me"
"10 Dec 2022, 02:46",The Buttertones,Reminiscing
"10 Dec 2022, 02:43",Pablo Vermell,Can I Call You?
"10 Dec 2022, 02:40",Sophi,Toque de Recolher
"10 Dec 2022, 02:38",lalalaura,Conto de Falhas
"10 Dec 2022, 00:08",Jovem Dionisio,Copacabana
"10 Dec 2022, 00:05",Gilsons,Várias Queixas
"10 Dec 2022, 00:02",Lagum,Reggae Bom
"10 Dec 2022, 00:00",Capim-Limão,Saudade Doce
"09 Dec 2022, 23:57",Versos que Compomos na Estrada,Minha Voz
"09 Dec 2022, 23:55",Lagum,Não Vou Mentir
"09 Dec 2022, 23:55",Agnes Nunes,Última Dança
"09 Dec 2022, 23:52",Lagum,Não Vou Mentir
"09 Dec 2022, 23:52",Saudade,vou-me embora de mim
"09 Dec 2022, 23:49",Clara Valverde,samba do moço bonito
"09 Dec 2022, 23:49",Saudade,vou-me embora de mim
"09 Dec 2022, 23:46",Clara Valverde,samba do moço bonito
"09 Dec 2022, 23:43",Deu Ruim,ivyson - Girassol - Acústico
"09 Dec 2022, 23:43",Jovem Dionisio,Risco
"09 Dec 2022, 23:42",Deu Ruim,ivyson - Girassol - Acústico
"09 Dec 2022, 23:41",O Terno,A História Mais Velha do Mundo
"09 Dec 2022, 23:39",Lagum,A Gente Nunca Conversou (Ei Moça)
"09 Dec 2022, 23:36",Lagum,EU TE AMO
"09 Dec 2022, 23:34",Cage the Elephant,Cold Cold Cold
"09 Dec 2022, 22:46",Arctic Monkeys,Do Me a Favour
"09 Dec 2022, 22:41",The Strokes,The Adults Are Talking
"09 Dec 2022, 22:38",Arctic Monkeys,Jet Skis on the Moat
"09 Dec 2022, 22:25",The 1975,Robbers
"09 Dec 2022, 22:20",The 1975,It's Not Living (If It's Not With You)
"09 Dec 2022, 22:15",The 1975,About You
"09 Dec 2022, 22:11",The 1975,Oh Caroline
"09 Dec 2022, 22:00",Fall Out Boy,"Dance, Dance"
"09 Dec 2022, 21:57",Paramore,Misery Business
"09 Dec 2022, 21:52",Panic! at the Disco,Do It to Death
"09 Dec 2022, 21:48",Panic! at the Disco,All by Yourself
"09 Dec 2022, 21:44",Panic! at the Disco,Sad Clown
"09 Dec 2022, 21:40",Panic! at the Disco,Something About Maggie
"09 Dec 2022, 21:37",Panic! at the Disco,Sugar Soaker
"09 Dec 2022, 21:34",Panic! at the Disco,Say It Louder
"09 Dec 2022, 21:29",Panic! at the Disco,God Killed Rock and Roll
"09 Dec 2022, 21:26",Panic! at the Disco,Star Spangled Banger
"09 Dec 2022, 21:21",Panic! at the Disco,Middle of a Breakup
"09 Dec 2022, 21:21",Panic! at the Disco,Don't Let the Light Go Out
"09 Dec 2022, 21:17",Panic! at the Disco,Middle of a Breakup
"09 Dec 2022, 21:14",Panic! at the Disco,Viva Las Vengeance
"09 Dec 2022, 21:08",The Kooks,Seaside
"09 Dec 2022, 21:06",The Killers,Human
"09 Dec 2022, 21:04",The Strypes,Eighty-Four
"09 Dec 2022, 20:16",Cage the Elephant,Cigarette Daydreams
"09 Dec 2022, 20:13",Sex Pistols,God Save the Queen
"09 Dec 2022, 20:10",New Politics,Girl Crush
"09 Dec 2022, 19:02",Demob Happy,Man You're Wrong
"09 Dec 2022, 18:58",Local Natives,Hourglass
"09 Dec 2022, 18:54",Halloweens,My Baby Looks Good with Another
"09 Dec 2022, 18:50",Hot Flash Heat Wave,Gutter Girl
"09 Dec 2022, 18:47",Arcy Drive,Roll My Stone
"09 Dec 2022, 18:44",Summer Salt,One Last Time
"09 Dec 2022, 18:41",Oscar Lang,I've Never Been To LA
"09 Dec 2022, 18:33",Tame Impala,One More Hour
"09 Dec 2022, 18:29",The Sukis,Becca
"09 Dec 2022, 18:26",Charlie Burg,Break The Rhythm
"09 Dec 2022, 18:22",The Jungle Giants,She's a Riot
"09 Dec 2022, 18:16",Pluralone,The Night Won't Scare Me
"09 Dec 2022, 18:13",Beach Weather,Swoon
"09 Dec 2022, 18:10",Marcus Mumford,Dangerous Game
"09 Dec 2022, 18:06",Miles Kane and the Death Ramps,Little Illusion Machine (Wirral Riddler)
"09 Dec 2022, 18:03",Sports Team,Long Hot Summer
"09 Dec 2022, 18:00",The Vines,Funny Thing
"09 Dec 2022, 17:56",Dark Stares,Liquid Reign
"09 Dec 2022, 17:54",The Vaccines,Young American
"09 Dec 2022, 14:26",The Drums,Book Of Revelation
"09 Dec 2022, 14:23",Drowners,A Button on Your Blouse
"09 Dec 2022, 14:20",Hotel Ugly,I Think I Left the Stove On
"09 Dec 2022, 14:15",Hot Hot Heat,Magnitude
"09 Dec 2022, 14:11",The Maccabees,WW1 Portraits
"09 Dec 2022, 14:08",Peace,The Music Was To Blame
"09 Dec 2022, 14:05",DJ Patrick Muniz,A Caminho do Bega
"09 Dec 2022, 12:26",Kings Kaleidoscope,Forever Again
"08 Dec 2022, 22:14",My Chemical Romance,Skylines and Turnstiles
"08 Dec 2022, 22:10",My Chemical Romance,I'm Not Okay (I Promise)
"08 Dec 2022, 22:10",Deu Ruim,My Chemical Romance - Dead! - Live in Mexico City
"08 Dec 2022, 22:07",My Chemical Romance,I'm Not Okay (I Promise)
"08 Dec 2022, 22:03",Gorillaz,On Melancholy Hill
"08 Dec 2022, 21:57",Panic! at the Disco,New Perspective
"08 Dec 2022, 21:50",Panic! at the Disco,This Is Gospel
"08 Dec 2022, 21:40",Fall Out Boy,"Sugar, We're Goin Down"
"08 Dec 2022, 21:37",Fall Out Boy,Thnks fr th Mmrs
"08 Dec 2022, 21:33",Fall Out Boy,Centuries
"08 Dec 2022, 21:30",The Kooks,Taking Pictures of You
"08 Dec 2022, 21:26",The Kooks,Bad Habit
"08 Dec 2022, 21:25",The Kooks,Seaside
"08 Dec 2022, 21:22",The Kooks,Naive
"08 Dec 2022, 21:22",The Kooks,She Moves in Her Own Way
"08 Dec 2022, 21:18",The Kooks,Naive
"08 Dec 2022, 21:18",The Strokes,Ode to the Mets
"08 Dec 2022, 21:13",The Strokes,Ode to the Mets
"08 Dec 2022, 21:09",The Strokes,Under Cover of Darkness
"08 Dec 2022, 21:04",The Strokes,Why Are Sundays So Depressing
"08 Dec 2022, 21:00",The Strokes,Selfless
"08 Dec 2022, 20:57",The Strokes,Someday
"08 Dec 2022, 20:57",The Strokes,"Call It Fate, Call It Karma"
"08 Dec 2022, 20:54",The Strokes,"Call It Fate, Call It Karma"
"08 Dec 2022, 20:51",The Strokes,You Only Live Once
"08 Dec 2022, 20:47",The Strokes,Last Nite
"08 Dec 2022, 20:44",The Strokes,Reptilia
"08 Dec 2022, 20:40",Cage the Elephant,Cold Cold Cold
"08 Dec 2022, 20:38",Arctic Monkeys,Do Me a Favour
"08 Dec 2022, 20:32",The Strokes,The Adults Are Talking
"08 Dec 2022, 20:29",Arctic Monkeys,Jet Skis on the Moat
"08 Dec 2022, 20:26",Terno Rei,Difícil
"08 Dec 2022, 20:23",Terno Rei,Sorte Ainda
"08 Dec 2022, 20:20",Terno Rei,Dias da Juventude
"08 Dec 2022, 20:18",Terno Rei,Sorte Ainda
"08 Dec 2022, 20:15",Terno Rei,Dias da Juventude
"08 Dec 2022, 20:11",Terno Rei,Esperando Você
"08 Dec 2022, 20:09",Catfish and the Bottlemen,Kathleen
"07 Dec 2022, 17:51",Vampire Weekend,Diane Young
"07 Dec 2022, 17:48",Mac DeMarco,The Way You'd Love Her
"07 Dec 2022, 17:43",Arctic Monkeys,Do I Wanna Know?
"07 Dec 2022, 17:39",MGMT,Electric Feel
"07 Dec 2022, 17:36",Mac DeMarco,My Kind of Woman
"06 Dec 2022, 22:27",The Naked and Famous,Young Blood
"06 Dec 2022, 22:27",Mac DeMarco,I'm a Man
"06 Dec 2022, 22:23",MF DOOM,Doomsday
"06 Dec 2022, 22:18",Two Door Cinema Club,What You Know
"06 Dec 2022, 22:13",Mac DeMarco,Freaking Out the Neighborhood
"06 Dec 2022, 22:13",Deu Ruim,"The Smiths - Please, Please, Please, Let Me Get What I Want - 2011 Remaster"
"06 Dec 2022, 22:02",Mac DeMarco,Freaking Out the Neighborhood
"06 Dec 2022, 15:32",Arctic Monkeys,Body Paint
"06 Dec 2022, 15:31",Dominic Fike,Babydoll
"06 Dec 2022, 15:27",Arctic Monkeys,505
"06 Dec 2022, 15:23",The Neighbourhood,Sweater Weather
"06 Dec 2022, 15:20",New Politics,Harlem
"06 Dec 2022, 15:17",Mac DeMarco,Watching Him Fade Away
"06 Dec 2022, 15:14",BØRNS,Electric Love
"06 Dec 2022, 15:11",U2,Sweetest Thing
"06 Dec 2022, 12:41",The 1975,Chocolate
"06 Dec 2022, 12:38",Mac DeMarco,Only You
"06 Dec 2022, 12:34",Deu Ruim,The Beatles - Come Together - Remastered 2015
"06 Dec 2022, 12:31",The Strokes,Call Me Back
"06 Dec 2022, 12:19",Arctic Monkeys,Fluorescent Adolescent
"06 Dec 2022, 12:17",Mac DeMarco,Salad Days
"06 Dec 2022, 12:13",Arctic Monkeys,She's Thunderstorms
"06 Dec 2022, 12:10",Arctic Monkeys,Fake Tales of San Francisco
"06 Dec 2022, 12:07",Arctic Monkeys,Jet Skis on the Moat
"06 Dec 2022, 02:57",The Strokes,Why Are Sundays So Depressing
"06 Dec 2022, 02:54",The Strokes,Selfless
"06 Dec 2022, 02:51",The Strokes,Someday
"06 Dec 2022, 02:47",The Strokes,"Call It Fate, Call It Karma"
"06 Dec 2022, 02:44",The Strokes,You Only Live Once
"06 Dec 2022, 02:41",The Strokes,Last Nite
"06 Dec 2022, 02:37",The Strokes,Reptilia
"06 Dec 2022, 02:34",Cage the Elephant,Cold Cold Cold
"06 Dec 2022, 02:30",Arctic Monkeys,Do Me a Favour
"06 Dec 2022, 02:25",The Strokes,The Adults Are Talking
"06 Dec 2022, 02:21",Arctic Monkeys,Jet Skis on the Moat
"06 Dec 2022, 02:09",Deu Ruim,Fresno - Essa Coisa (Acorda - Trabalha - Repete - Mantém)
"05 Dec 2022, 23:45",Cigarettes After Sex,Neon Moon
"05 Dec 2022, 23:41",Cigarettes After Sex,Falling in Love
"05 Dec 2022, 23:36",Cigarettes After Sex,K.
"05 Dec 2022, 23:32",Cigarettes After Sex,Keep On Loving You
"05 Dec 2022, 23:28",Cigarettes After Sex,You're All I Want
"05 Dec 2022, 23:23",Cigarettes After Sex,Heavenly
"05 Dec 2022, 23:19",Cigarettes After Sex,Sunsetz
"05 Dec 2022, 23:07",Cigarettes After Sex,Heavenly
"05 Dec 2022, 23:04",Cigarettes After Sex,Sunsetz
"05 Dec 2022, 22:59",Cigarettes After Sex,Nothing's Gonna Hurt You Baby
"05 Dec 2022, 22:57",Cigarettes After Sex,Pistol
"05 Dec 2022, 22:53",Cigarettes After Sex,Cry
"05 Dec 2022, 22:51",Catfish and the Bottlemen,Oxygen
"05 Dec 2022, 22:46",Deu Ruim,Catfish and the Bottlemen - Cocoon - Jim Eno Sessions
"05 Dec 2022, 22:44",Catfish and the Bottlemen,Kathleen
"05 Dec 2022, 18:41",Catfish and the Bottlemen,Heathrow
"05 Dec 2022, 18:38",Catfish and the Bottlemen,Oxygen
"05 Dec 2022, 18:35",Catfish and the Bottlemen,Red
"05 Dec 2022, 18:31",Catfish and the Bottlemen,Twice
"05 Dec 2022, 18:24",Arctic Monkeys,She's Thunderstorms
"05 Dec 2022, 18:23",The Killers,Human
"05 Dec 2022, 18:20",Arctic Monkeys,She's Thunderstorms
"05 Dec 2022, 18:16",Mac DeMarco,Ode to Viceroy
"05 Dec 2022, 18:14",The Kooks,Taking Pictures of You
"05 Dec 2022, 18:12",The Kooks,Taking Pictures of You
"05 Dec 2022, 18:10",Arctic Monkeys,Fireside
"05 Dec 2022, 18:07",Mac DeMarco,Another One
"05 Dec 2022, 18:04",Arctic Monkeys,Why'd You Only Call Me When You're High?
"05 Dec 2022, 18:00",Arctic Monkeys,Dance Little Liar
"05 Dec 2022, 17:56",The Strokes,Reptilia
"05 Dec 2022, 17:51",alt-J,Losing My Mind
"05 Dec 2022, 17:46",alt-J,Powders
"05 Dec 2022, 17:44",alt-J,Hard Drive Gold
"05 Dec 2022, 17:38",alt-J,Bane
"05 Dec 2022, 17:29",The Lumineers,Sleep on the Floor
"05 Dec 2022, 17:25",Arctic Monkeys,The Car
"05 Dec 2022, 17:22",Arctic Monkeys,I Ain’t Quite Where I Think I Am
"05 Dec 2022, 17:17",Arctic Monkeys,Body Paint
"05 Dec 2022, 16:10",Arctic Monkeys,She Looks Like Fun
"05 Dec 2022, 16:07",Arctic Monkeys,The World's First Ever Monster Truck Front Flip
"05 Dec 2022, 16:02",Arctic Monkeys,Four Out of Five
"05 Dec 2022, 15:58",Arctic Monkeys,Tranquility Base Hotel & Casino
"05 Dec 2022, 15:52",Arctic Monkeys,Star Treatment
"05 Dec 2022, 15:49",Arctic Monkeys,I Wanna Be Yours
"05 Dec 2022, 15:46",Arctic Monkeys,Snap Out of It
"05 Dec 2022, 15:43",Arctic Monkeys,Why'd You Only Call Me When You're High?
"05 Dec 2022, 15:40",Arctic Monkeys,Fireside
"05 Dec 2022, 15:37",Arctic Monkeys,Arabella
"05 Dec 2022, 15:32",Arctic Monkeys,Do I Wanna Know?
"05 Dec 2022, 15:29",Arctic Monkeys,Stop the World I Wanna Get Off with You
"05 Dec 2022, 15:25",Arctic Monkeys,Suck It and See
"05 Dec 2022, 15:22",Arctic Monkeys,Love Is a Laserquest
"05 Dec 2022, 15:19",Arctic Monkeys,Piledriver Waltz
"05 Dec 2022, 15:16",Arctic Monkeys,The Hellcat Spangled Shalalala
"05 Dec 2022, 15:12",Arctic Monkeys,Black Treacle
"05 Dec 2022, 14:52",Arctic Monkeys,She's Thunderstorms
"05 Dec 2022, 14:46",Arctic Monkeys,The Jeweller's Hands
"05 Dec 2022, 14:42",Arctic Monkeys,Dance Little Liar
"05 Dec 2022, 14:38",Arctic Monkeys,Cornerstone
"05 Dec 2022, 14:00",Arctic Monkeys,Secret Door
"05 Dec 2022, 13:57",Arctic Monkeys,Dangerous Animals
"05 Dec 2022, 13:53",Arctic Monkeys,Crying Lightning
"05 Dec 2022, 13:50",Arctic Monkeys,My Propeller
"04 Dec 2022, 19:05",Arctic Monkeys,505
"04 Dec 2022, 19:00",Arctic Monkeys,Fluorescent Adolescent
"04 Dec 2022, 18:58",Arctic Monkeys,Teddy Picker
"03 Dec 2022, 00:29",Arctic Monkeys,Teddy Picker
"03 Dec 2022, 00:26",Arctic Monkeys,Brianstorm
"03 Dec 2022, 00:23",Arctic Monkeys,Baby I'm Yours
"03 Dec 2022, 00:18",Arctic Monkeys,Who the Fuck Are Arctic Monkeys?
"03 Dec 2022, 00:15",Arctic Monkeys,No Buses
"03 Dec 2022, 00:11",Arctic Monkeys,Despair in the Departure Lounge
"03 Dec 2022, 00:06",Arctic Monkeys,A Certain Romance
"03 Dec 2022, 00:02",Arctic Monkeys,When the Sun Goes Down
"02 Dec 2022, 23:59",Arctic Monkeys,Mardy Bum
"02 Dec 2022, 23:57",Arctic Monkeys,Riot Van
"02 Dec 2022, 23:54",Arctic Monkeys,Still Take You Home
"02 Dec 2022, 23:51",Arctic Monkeys,Fake Tales of San Francisco
"02 Dec 2022, 23:47",Arctic Monkeys,The View from the Afternoon
"02 Dec 2022, 23:45",Arctic Monkeys,7
"02 Dec 2022, 23:42",The Killers,Mr. Brightside
"02 Dec 2022, 23:37",The Killers,Spaceman
"02 Dec 2022, 23:33",The Killers,Dying Breed
"02 Dec 2022, 23:29",The Killers,Runaways
"02 Dec 2022, 23:25",The Killers,Boy
"02 Dec 2022, 23:22",The Killers,Somebody Told Me
"02 Dec 2022, 23:18",The Killers,Human
"02 Dec 2022, 23:17",The Killers,Enterlude
"02 Dec 2022, 23:12",The Kooks,Sweet Emotion
"02 Dec 2022, 23:09",The Kooks,Always Where I Need to Be
"02 Dec 2022, 23:07",The Kooks,Taking Pictures of You
"02 Dec 2022, 23:03",The Kooks,Bad Habit
"02 Dec 2022, 23:01",The Kooks,Seaside
"02 Dec 2022, 22:58",The Kooks,She Moves in Her Own Way
"02 Dec 2022, 22:55",The Kooks,Naive
"02 Dec 2022, 22:49",The Strokes,Ode to the Mets
"02 Dec 2022, 22:45",The Strokes,Under Cover of Darkness
"02 Dec 2022, 22:37",The Strokes,Selfless
"02 Dec 2022, 15:37",The Strokes,"Call It Fate, Call It Karma"
"02 Dec 2022, 15:34",The Strokes,You Only Live Once
"02 Dec 2022, 15:31",The Strokes,Last Nite
"02 Dec 2022, 15:27",The Strokes,Reptilia
"02 Dec 2022, 15:22",The Strokes,The Adults Are Talking
"02 Dec 2022, 15:19",Arctic Monkeys,Jet Skis on the Moat
"01 Dec 2022, 19:47",The Strokes,You Only Live Once
"01 Dec 2022, 19:42",The Strokes,The Adults Are Talking
"01 Dec 2022, 19:38",Arctic Monkeys,She's Thunderstorms
"01 Dec 2022, 19:33",The Kooks,Sweet Emotion
"01 Dec 2022, 19:30",The Kooks,Always Where I Need to Be
"01 Dec 2022, 19:27",Arctic Monkeys,The Ultracheese
"01 Dec 2022, 19:25",The Kooks,Seaside
"01 Dec 2022, 19:21",Arctic Monkeys,Crying Lightning
"01 Dec 2022, 19:17",Arctic Monkeys,Do I Wanna Know?
"01 Dec 2022, 19:11",Arctic Monkeys,Star Treatment
"01 Dec 2022, 19:07",The Killers,Human
"01 Dec 2022, 19:04",Arctic Monkeys,Fake Tales of San Francisco
"01 Dec 2022, 19:00",The Lumineers,In The Light
"01 Dec 2022, 18:57",Arctic Monkeys,Snap Out of It
"01 Dec 2022, 18:52",The Killers,Dying Breed
"01 Dec 2022, 18:49",Arctic Monkeys,I Ain’t Quite Where I Think I Am
"01 Dec 2022, 18:46",Arctic Monkeys,Black Treacle
"01 Dec 2022, 18:42",Arctic Monkeys,Secret Door
"01 Dec 2022, 18:39",Arctic Monkeys,Still Take You Home
"01 Dec 2022, 18:36",The Kooks,Naive
"01 Dec 2022, 18:31",Arctic Monkeys,Mardy Bum
"01 Dec 2022, 18:29",Arctic Monkeys,Riot Van
"01 Dec 2022, 18:26",Arctic Monkeys,Love Is a Laserquest
"01 Dec 2022, 18:22",Arctic Monkeys,My Propeller
"01 Dec 2022, 18:19",The Killers,Boy
"01 Dec 2022, 18:15",Arctic Monkeys,Piledriver Waltz
"01 Dec 2022, 18:10",The Strokes,Ode to the Mets
"01 Dec 2022, 18:07",Arctic Monkeys,The Hellcat Spangled Shalalala
"01 Dec 2022, 18:03",Arctic Monkeys,Fluorescent Adolescent
"01 Dec 2022, 18:00",The Killers,Mr. Brightside
"01 Dec 2022, 17:56",Arctic Monkeys,Despair in the Departure Lounge
"01 Dec 2022, 17:53",The Strokes,Someday
"01 Dec 2022, 17:50",The Lumineers,Sleep on the Floor
"01 Dec 2022, 17:46",Arctic Monkeys,Suck It and See
"01 Dec 2022, 17:43",Arctic Monkeys,Jet Skis on the Moat
"01 Dec 2022, 17:37",Arctic Monkeys,A Certain Romance
"01 Dec 2022, 17:33",Arctic Monkeys,The View from the Afternoon
"01 Dec 2022, 17:30",Arctic Monkeys,Old Yellow Bricks
"01 Dec 2022, 17:28",The Lumineers,Long Way From Home
"01 Dec 2022, 17:24",Arctic Monkeys,The Car
"01 Dec 2022, 17:22",The Kooks,She Moves in Her Own Way
"01 Dec 2022, 17:19",The Lumineers,Ophelia
"01 Dec 2022, 17:15",Arctic Monkeys,When the Sun Goes Down
"01 Dec 2022, 17:12",Arctic Monkeys,Dangerous Animals
"01 Dec 2022, 17:07",Arctic Monkeys,Four Out of Five
"01 Dec 2022, 17:01",Arctic Monkeys,The Jeweller's Hands
"01 Dec 2022, 16:59",Arctic Monkeys,7
"01 Dec 2022, 16:55",The Strokes,Reptilia
"01 Dec 2022, 16:52",Arctic Monkeys,Stop the World I Wanna Get Off with You
"01 Dec 2022, 16:49",The Kooks,Taking Pictures of You
"01 Dec 2022, 16:46",Arctic Monkeys,I Wanna Be Yours
"01 Dec 2022, 16:43",The Lumineers,My Eyes
"30 Nov 2022, 17:57",Arctic Monkeys,505
"30 Nov 2022, 17:52",The Killers,Spaceman
"30 Nov 2022, 17:48",The Killers,Runaways
"30 Nov 2022, 17:45",Arctic Monkeys,Cornerstone
"30 Nov 2022, 17:42","Tyler, the Creator",BEST INTEREST
"30 Nov 2022, 15:37",Deu Ruim,A R I Z O N A - I Was Wrong - Robin Schulz Remix
"30 Nov 2022, 15:33",A R I Z O N A,Ain't Gonna Leave
